Workbook

Sheet Dashboard
A1: POKEMON GO - TRACKER PROGRESSI
A3: Risorsa | B3: Valore attuale | C3: Obiettivo | D3: Progresso %
A4: Stardust | D4: =IF(C4=0,"",MIN(B4/C4,1))
A5: Poke Ball / Great / Ultra | D5: =IF(C5=0,"",MIN(B5/C5,1))
A6: Caramelle rare | D6: =IF(C6=0,"",MIN(B6/C6,1))
A7: Monete amicizia | D7: =IF(C7=0,"",MIN(B7/C7,1))
A8: Incubatrici | D8: =IF(C8=0,"",MIN(B8/C8,1))
A9: Pass Raid | D9: =IF(C9=0,"",MIN(B9/C9,1))
A11: RIEPILOGO POKEDEX
A12: Totale catturati | B12: =SUM(Pokedex!C4:C12)
A13: Totale disponibili | B13: =SUM(Pokedex!B4:B12)
A14: Completamento globale | B14: =IF(B13=0,"",B12/B13)
A16: RIEPILOGO SHINY
A17: Shiny totali registrati | B17: =COUNTA(Shiny!B4:B500)
A18: Shiny unici (specie diverse) | B18: =COUNTA(UNIQUE(FILTER(Shiny!B4:B500,Shiny!B4:B500<>"")))
A20: LIVELLO & XP
A21: XP totale (inserisci qui)
A22: Livello calcolato | B22: =IF(B21="","",_xlfn.XLOOKUP(B21,XP!B2:B51,XP!A2:A51,"",1,-1))
A23: XP verso prossimo livello | B23: =IF(B21="","",IF(B22>=50,0,INDEX(XP!B2:B51,MATCH(B22,XP!A2:A51,0)+1)-B21))
A24: % progresso livello attuale | B24: =IF(OR(B21="",B22>=50),"",IF(B22=1,B21/INDEX(XP!B2:B51,2),(B21-INDEX(XP!B2:B51,MATCH(B22,XP!A2:A51,0)))/(INDEX(XP!B2:B51,MATCH(B22,XP!A2:A51,0)+1)-INDEX(XP!B2:B51,MATCH(B22,XP!A2:A51,0)))))
A26: RAID & GO BATTLE LEAGUE
A27: Raid vinti | B27: =Battaglie!B4
A28: Raid persi | B28: =Battaglie!B5
A29: Win rate raid | B29: =Battaglie!D4
A30: Vittorie GBL | B30: =Battaglie!B8
A31: Sconfitte GBL | B31: =Battaglie!B9
A32: Win rate GBL | B32: =Battaglie!D8

Sheet Pokedex
A1: Inserisci manualmente i conteggi catturati/visti per ogni generazione.
A3: Generazione | B3: Totale specie | C3: Catturati (inserisci) | D3: Visti (inserisci) | E3: Mancanti | F3: % Catturati | G3: % Visti
A4: Gen 1 - Kanto | B4: 151 | E4: =B4-C4 | F4: =IF(B4=0,"",C4/B4) | G4: =IF(B4=0,"",D4/B4)
A5: Gen 2 - Johto | B5: 100 | E5: =B5-C5 | F5: =IF(B5=0,"",C5/B5) | G5: =IF(B5=0,"",D5/B5)
A6: Gen 3 - Hoenn | B6: 135 | E6: =B6-C6 | F6: =IF(B6=0,"",C6/B6) | G6: =IF(B6=0,"",D6/B6)
A7: Gen 4 - Sinnoh | B7: 107 | E7: =B7-C7 | F7: =IF(B7=0,"",C7/B7) | G7: =IF(B7=0,"",D7/B7)
A8: Gen 5 - Unova | B8: 156 | E8: =B8-C8 | F8: =IF(B8=0,"",C8/B8) | G8: =IF(B8=0,"",D8/B8)
A9: Gen 6 - Kalos | B9: 72 | E9: =B9-C9 | F9: =IF(B9=0,"",C9/B9) | G9: =IF(B9=0,"",D9/B9)
A10: Gen 7 - Alola | B10: 88 | E10: =B10-C10 | F10: =IF(B10=0,"",C10/B10) | G10: =IF(B10=0,"",D10/B10)
A11: Gen 8 - Galar | B11: 96 | E11: =B11-C11 | F11: =IF(B11=0,"",C11/B11) | G11: =IF(B11=0,"",D11/B11)
A12: Gen 9 - Paldea | B12: 120 | E12: =B12-C12 | F12: =IF(B12=0,"",C12/B12) | G12: =IF(B12=0,"",D12/B12)
A13: TOTALE | B13: =SUM(B4:B12) | C13: =SUM(C4:C12) | D13: =SUM(D4:D12) | E13: =B13-C13 | F13: =IF(B13=0,"",C13/B13) | G13: =IF(B13=0,"",D13/B13)

Sheet Shiny
A1: Registro shiny: compila una riga per ogni shiny catturato. IV% calcolato automaticamente.
A3: Data | B3: Pokemon | C3: CP | D3: IV Att | E3: IV Dif | F3: IV PS | G3: IV % | H3: Metodo | I3: Note | K3: Statistiche
G4: =IF(OR(D4="",E4="",F4=""),"",(D4+E4+F4)/45) | K4: Totale shiny | L4: =COUNTA(B4:B500)
G5: =IF(OR(D5="",E5="",F5=""),"",(D5+E5+F5)/45) | K5: IV medio % | L5: =IFERROR(AVERAGE(G4:G500),"")
G6: =IF(OR(D6="",E6="",F6=""),"",(D6+E6+F6)/45) | K6: Shiny perfetti (100%) | L6: =COUNTIF(G4:G500,1)
G7: =IF(OR(D7="",E7="",F7=""),"",(D7+E7+F7)/45)
G8: =IF(OR(D8="",E8="",F8=""),"",(D8+E8+F8)/45)
G9: =IF(OR(D9="",E9="",F9=""),"",(D9+E9+F9)/45)
G10: =IF(OR(D10="",E10="",F10=""),"",(D10+E10+F10)/45)
G11: =IF(OR(D11="",E11="",F11=""),"",(D11+E11+F11)/45)
G12: =IF(OR(D12="",E12="",F12=""),"",(D12+E12+F12)/45)
G13: =IF(OR(D13="",E13="",F13=""),"",(D13+E13+F13)/45)
G14: =IF(OR(D14="",E14="",F14=""),"",(D14+E14+F14)/45)
G15: =IF(OR(D15="",E15="",F15=""),"",(D15+E15+F15)/45)
G16: =IF(OR(D16="",E16="",F16=""),"",(D16+E16+F16)/45)
G17: =IF(OR(D17="",E17="",F17=""),"",(D17+E17+F17)/45)
G18: =IF(OR(D18="",E18="",F18=""),"",(D18+E18+F18)/45)
... G53: =IF(OR(D53="",E53="",F53=""),"",(D53+E53+F53)/45)

Sheet XP
A1: Livello | B1: XP cumulativo richiesto | C1: XP per questo livello
A2: 1 | B2: 0 | C2: 0
A3: 2 | B3: 2500 | C3: =B3-B2
A4: 3 | B4: 5000 | C4: =B4-B3
A5: 4 | B5: 7500 | C5: =B5-B4
A6: 5 | B6: 10000 | C6: =B6-B5
A7: 6 | B7: 15000 | C7: =B7-B6
A8: 7 | B8: 20000 | C8: =B8-B7
A9: 8 | B9: 25000 | C9: =B9-B8
A10: 9 | B10: 30000 | C10: =B10-B9
A11: 10 | B11: 35000 | C11: =B11-B10
A12: 11 | B12: 50000 | C12: =B12-B11
A13: 12 | B13: 75000 | C13: =B13-B12
A14: 13 | B14: 100000 | C14: =B14-B13
... A51: 50 | B51: 30000000 | C51: =B51-B50

Sheet Medaglie
A1: Inserisci progresso e soglie tier (Bronzo/Argento/Oro/Platino) per ogni medaglia.
A3: Medaglia | B3: Progresso (inserisci) | C3: Bronzo | D3: Argento | E3: Oro | F3: Platino | G3: Tier attuale | H3: % verso prossimo
A4: Collezionista | G4: =IF(B4="","",IF(B4>=F4,"Platino",IF(B4>=E4,"Oro",IF(B4>=D4,"Argento",IF(B4>=C4,"Bronzo","Nessuno"))))) | H4: =IF(B4="","",IF(B4>=F4,1,IF(B4>=E4,(B4-E4)/(F4-E4),IF(B4>=D4,(B4-D4)/(E4-D4),IF(B4>=C4,(B4-C4)/(D4-C4),B4/C4)))))
A5: Breeder | G5: =IF(B5="","",IF(B5>=F5,"Platino",IF(B5>=E5,"Oro",IF(B5>=D5,"Argento",IF(B5>=C5,"Bronzo","Nessuno"))))) | H5: =IF(B5="","",IF(B5>=F5,1,IF(B5>=E5,(B5-E5)/(F5-E5),IF(B5>=D5,(B5-D5)/(E5-D5),IF(B5>=C5,(B5-C5)/(D5-C5),B5/C5)))))
A6: Scienziato | G6: =IF(B6="","",IF(B6>=F6,"Platino",IF(B6>=E6,"Oro",IF(B6>=D6,"Argento",IF(B6>=C6,"Bronzo","Nessuno"))))) | H6: =IF(B6="","",IF(B6>=F6,1,IF(B6>=E6,(B6-E6)/(F6-E6),IF(B6>=D6,(B6-D6)/(E6-D6),IF(B6>=C6,(B6-C6)/(D6-C6),B6/C6)))))
A7: Giovane | G7: =IF(B7="","",IF(B7>=F7,"Platino",IF(B7>=E7,"Oro",IF(B7>=D7,"Argento",IF(B7>=C7,"Bronzo","Nessuno"))))) | H7: =IF(B7="","",IF(B7>=F7,1,IF(B7>=E7,(B7-E7)/(F7-E7),IF(B7>=D7,(B7-D7)/(E7-D7),IF(B7>=C7,(B7-C7)/(D7-C7),B7/C7)))))
A8: Pescatore | G8: =IF(B8="","",IF(B8>=F8,"Platino",IF(B8>=E8,"Oro",IF(B8>=D8,"Argento",IF(B8>=C8,"Bronzo","Nessuno"))))) | H8: =IF(B8="","",IF(B8>=F8,1,IF(B8>=E8,(B8-E8)/(F8-E8),IF(B8>=D8,(B8-D8)/(E8-D8),IF(B8>=C8,(B8-C8)/(D8-C8),B8/C8)))))
A9: Giornalista | G9: =IF(B9="","",IF(B9>=F9,"Platino",IF(B9>=E9,"Oro",IF(B9>=D9,"Argento",IF(B9>=C9,"Bronzo","Nessuno"))))) | H9: =IF(B9="","",IF(B9>=F9,1,IF(B9>=E9,(B9-E9)/(F9-E9),IF(B9>=D9,(B9-D9)/(E9-D9),IF(B9>=C9,(B9-C9)/(D9-C9),B9/C9)))))
A10: Gentiluomo | G10: =IF(B10="","",IF(B10>=F10,"Platino",IF(B10>=E10,"Oro",IF(B10>=D10,"Argento",IF(B10>=C10,"Bronzo","Nessuno"))))) | H10: =IF(B10="","",IF(B10>=F10,1,IF(B10>=E10,(B10-E10)/(F10-E10),IF(B10>=D10,(B10-D10)/(E10-D10),IF(B10>=C10,(B10-C10)/(D10-C10),B10/C10)))))
A11: Pilot | G11: =IF(B11="","",IF(B11>=F11,"Platino",IF(B11>=E11,"Oro",IF(B11>=D11,"Argento",IF(B11>=C11,"Bronzo","Nessuno"))))) | H11: =IF(B11="","",IF(B11>=F11,1,IF(B11>=E11,(B11-E11)/(F11-E11),IF(B11>=D11,(B11-D11)/(E11-D11),IF(B11>=C11,(B11-C11)/(D11-C11),B11/C11)))))
A12: Camper | G12: =IF(B12="","",IF(B12>=F12,"Platino",IF(B12>=E12,"Oro",IF(B12>=D12,"Argento",IF(B12>=C12,"Bronzo","Nessuno"))))) | H12: =IF(B12="","",IF(B12>=F12,1,IF(B12>=E12,(B12-E12)/(F12-E12),IF(B12>=D12,(B12-D12)/(E12-D12),IF(B12>=C12,(B12-C12)/(D12-C12),B12/C12)))))
A13: Backpacker | G13: =IF(B13="","",IF(B13>=F13,"Platino",IF(B13>=E13,"Oro",IF(B13>=D13,"Argento",IF(B13>=C13,"Bronzo","Nessuno"))))) | H13: =IF(B13="","",IF(B13>=F13,1,IF(B13>=E13,(B13-E13)/(F13-E13),IF(B13>=D13,(B13-D13)/(E13-D13),IF(B13>=C13,(B13-C13)/(D13-C13),B13/C13)))))
A14: Psicologo | G14: =IF(B14="","",IF(B14>=F14,"Platino",IF(B14>=E14,"Oro",IF(B14>=D14,"Argento",IF(B14>=C14,"Bronzo","Nessuno"))))) | H14: =IF(B14="","",IF(B14>=F14,1,IF(B14>=E14,(B14-E14)/(F14-E14),IF(B14>=D14,(B14-D14)/(E14-D14),IF(B14>=C14,(B14-C14)/(D14-C14),B14/C14)))))
A15: Skier | G15: =IF(B15="","",IF(B15>=F15,"Platino",IF(B15>=E15,"Oro",IF(B15>=D15,"Argento",IF(B15>=C15,"Bronzo","Nessuno"))))) | H15: =IF(B15="","",IF(B15>=F15,1,IF(B15>=E15,(B15-E15)/(F15-E15),IF(B15>=D15,(B15-D15)/(E15-D15),IF(B15>=C15,(B15-C15)/(D15-C15),B15/C15)))))
... A34: Fairy Tale Girl | G34: =IF(B34="","",IF(B34>=F34,"Platino",IF(B34>=E34,"Oro",IF(B34>=D34,"Argento",IF(B34>=C34,"Bronzo","Nessuno"))))) | H34: =IF(B34="","",IF(B34>=F34,1,IF(B34>=E34,(B34-E34)/(F34-E34),IF(B34>=D34,(B34-D34)/(E34-D34),IF(B34>=C34,(B34-C34)/(D34-C34),B34/C34)))))

Sheet Battaglie
A1: Statistiche Raid e Go Battle League
A3: RAID
A4: Vittorie | C4: Win rate | D4: =IF(B6=0,"",B4/B6)
A5: Sconfitte
A6: Totale | B6: =B4+B5
A7: Win rate
B8: =B10 | D8: =IF(B12=0,"",B10/B12)
A9: GO BATTLE LEAGUE | B9: =B11
A10: Vittorie | C10: Win rate | D10: =IF(B12=0,"",B10/B12)
A11: Sconfitte
A12: Totale | B12: =B10+B11
A14: BUDDY
A15: Nome buddy
A16: Km percorsi
A17: Caramelle guadagnate
A18: Cuori
A19: Caramelle per km | B19: =IF(B16=0,"",B17/B16)

Sheet Leggendari
A1: Traccia leggendari/mitici: inserisci S o N per catturato/shiny, tentativi e catture manualmente.
A3: Pokemon | B3: Catturato (S/N) | C3: Shiny (S/N) | D3: IV % | E3: Data ultima cattura | F3: Tentativi raid | G3: Catture | H3: Win rate
A4: Mewtwo | H4: =IF(OR(F4="",F4=0),"",G4/F4)
A5: Rayquaza | H5: =IF(OR(F5="",F5=0),"",G5/F5)
A6: Groudon | H6: =IF(OR(F6="",F6=0),"",G6/F6)
A7: Kyogre | H7: =IF(OR(F7="",F7=0),"",G7/F7)
A8: Dialga | H8: =IF(OR(F8="",F8=0),"",G8/F8)
A9: Palkia | H9: =IF(OR(F9="",F9=0),"",G9/F9)
A10: Giratina | H10: =IF(OR(F10="",F10=0),"",G10/F10)
A11: Reshiram | H11: =IF(OR(F11="",F11=0),"",G11/F11)
A12: Zekrom | H12: =IF(OR(F12="",F12=0),"",G12/F12)
A13: Kyurem | H13: =IF(OR(F13="",F13=0),"",G13/F13)
A14: Xerneas | H14: =IF(OR(F14="",F14=0),"",G14/F14)
A15: Yveltal | H15: =IF(OR(F15="",F15=0),"",G15/F15)
... A25: Miraidon | H25: =IF(OR(F25="",F25=0),"",G25/F25)
